--centrales:
insert into centrales values('Kashiwazaki-Kariwa',20098,37.2478928,138.37092,'@kariwacentral_','+81 090182793','C-0001','@gmail.com','kariwa');
insert into centrales values('Hanul',19827,37.7872365,129.827163,'@hanul.central','+82 738276839 ','C-0002','@gmail.com','hanul');
insert into centrales values('Aldeadávila',28268,41.3874876,6.877263,'@aldeadavila__','+34 639829387','C-0003','@hotmail.es','centralaldeadavila');
insert into centrales values('Malacas',15368,7.0827398,100.011828,'@malacascentral','+06 638982739','C-0004','@gmail.com','malacascentral');
insert into centrales values('Bhatla',28922,27.986653,51.9898283,'@bhatla_central','+55 909728364','C-0005','@hotmail.com','bhatlacentral');
insert into centrales values('Jiuquan',29327,39.45673,120.873202,'@central.jiuquan','+86 192839878','C-0006','@gmail.com','centraljiuquan');
insert into centrales values('Xutulu',78123,80.78792,88.981762,'@xutulu.central','+66 82637989','C-0007','@gmail.com','centralxutulu');
insert into centrales values('Siya',87123,89.723782,97.873762,'@siya__central9','+82 728392337','C-0012','@gmail.com','centralsiya');
insert into centrales values('Pluerta',76234,18.4567,109.763728,'@pluerta.central','+02 80562186','C-0008','@gmail.com','pluerta');
insert into centrales values('Radya',28921,28.652387,90.873762,'@rady_acentral','+12 982537689','C-0009','@gmail.com','centralradya');
insert into centrales values('Armio',29127,91.873231,79.72638123,'@armiocentral__','+38 809425372','C-0010','@gmail.com','armio.central');
insert into centrales values('Caha',22983,23.6213812,80.286239,'@cahacentral','+14 606873527','C-0011','@hotmail.com','caha');
--responsable:
insert into responsable values('76832479B','Pepe','Ramírez','Xaturria','RESPONSABLESOBERANO','C. Picaso',8,'Madrid','España',null,null,639,'+34',42260,'responsablesupremo','@gmail.com','pepe.ramirez','@hotmail.es','C-0001');
insert into responsable values('76832479B','Pepe','Ramírez','Xaturria','RESPONSABLESOBERANO','C. Picaso',8,'Madrid','España',null,null,639,'+34',42260,'responsablesupremo','@gmail.com','pepe.ramirez','@hotmail.es','C-0002');
insert into responsable values('76832479B','Pepe','Ramírez','Xaturria','RESPONSABLESOBERANO','C. Picaso',8,'Madrid','España',null,null,639,'+34',42260,'responsablesupremo','@gmail.com','pepe.ramirez','@hotmail.es','C-0003');
insert into responsable values('76832479B','Pepe','Ramírez','Xaturria','RESPONSABLESOBERANO','C. Picaso',8,'Madrid','España',null,null,639,'+34',42260,'responsablesupremo','@gmail.com','pepe.ramirez','@hotmail.es','C-0004');
insert into responsable values('76832479B','Pepe','Ramírez','Xaturria','RESPONSABLESOBERANO','C. Picaso',8,'Madrid','España',null,null,639,'+34',42260,'responsablesupremo','@gmail.com','pepe.ramirez','@hotmail.es','C-0005');
insert into responsable values('76832479B','Pepe','Ramírez','Xaturria','RESPONSABLESOBERANO','C. Picaso',8,'Madrid','España',null,null,639,'+34',42260,'responsablesupremo','@gmail.com','pepe.ramirez','@hotmail.es','C-0006');
insert into responsable values('76832479B','Pepe','Ramírez','Xaturria','RESPONSABLESOBERANO','C. Picaso',8,'Madrid','España',null,null,639,'+34',42260,'responsablesupremo','@gmail.com','pepe.ramirez','@hotmail.es','C-0007');
insert into responsable values('76832479B','Pepe','Ramírez','Xaturria','RESPONSABLESOBERANO','C. Picaso',8,'Madrid','España',null,null,639,'+34',42260,'responsablesupremo','@gmail.com','pepe.ramirez','@hotmail.es','C-0008');
insert into responsable values('76832479B','Pepe','Ramírez','Xaturria','RESPONSABLESOBERANO','C. Picaso',8,'Madrid','España',null,null,639,'+34',42260,'responsablesupremo','@gmail.com','pepe.ramirez','@hotmail.es','C-0009');
insert into responsable values('76832479B','Pepe','Ramírez','Xaturria','RESPONSABLESOBERANO','C. Picaso',8,'Madrid','España',null,null,639,'+34',42260,'responsablesupremo','@gmail.com','pepe.ramirez','@hotmail.es','C-0010');
insert into responsable values('76832479B','Pepe','Ramírez','Xaturria','RESPONSABLESOBERANO','C. Picaso',8,'Madrid','España',null,null,639,'+34',42260,'responsablesupremo','@gmail.com','pepe.ramirez','@hotmail.es','C-0011');
insert into responsable values('76832479B','Pepe','Ramírez','Xaturria','RESPONSABLESOBERANO','C. Picaso',8,'Madrid','España',null,null,639,'+34',42260,'responsablesupremo','@gmail.com','pepe.ramirez','@hotmail.es','C-0012');
--centralesnucleares:
insert into centralesnucleares values(3,7364,872.7,'C-0001');
insert into centralesnucleares values(4,9827,1028.28,'C-0002');
insert into centralesnucleares values(3,7364,872.7,'C-0007');
--centraleseolicas:
insert into centraleseolicas values(786.82,'C-0004); 
insert into centraleseolicas values(786.82,'C-0012);
--centralessolares:
insert into centralessolares values(6412.2,787.87,'C-0003');
insert into centralessolares values(6128.04,508.3,'C-0005');
insert into centralessolares values(9817,534,'C-0006');
--centralesfotovoltaicas:
insert into centralesfotovoltaicas values(106,'C-0003');
insert into centralesfotovoltaicas values(97,'C-0005');
--centralestermodinamicas:
insert into centralestermodinamicas values(258,'C-0006');
--centraleshidroelectricas:
insert into centraleshidroelectricas values(508.3,609,'C-0008');
insert into centraleshidroelectricas values(399.26,873.2,'C-0009');
--centralestermica:
insert into centralestermica values(126.87,6723,1822.7,'COMBINADO','C-0010');
insert into centralestermica values(130.8,3982,1682.21,'NO COMBINADO','C-0011');
--aerogen:
insert into aerogeneradores values(72.6326765,108.276373,7623.28,'A-0001','C-0004');
insert into aerogeneradores values(72.6576473,108.145261,7598.79,'A-0002','C-0004');
insert into aerogeneradores values(72.5923768,108.188739,7602.1,'A-0003','C-0004');
insert into aerogeneradores values(72.6387683,107.989252,7209.92,'A-0004','C-0012'); 
--alertas:
insert into alertas values('AL-00001','H','IN-0002',41.5206081,-5.9718162,'C-0003');
insert into alertas values('AL-00002','H','IN-0002',41.5189273,-5.96789294,'C-0003');
insert into alertas values('AL-00003','H','IN-0021',41.4983828,-5.94998271,'C-0003');
insert into alertas values('AL-00001','E','IN-0008',89.8728377,63.6273772,'C-0006');
insert into alertas values('AL-00002','E','IN-0001',88.8732732,63.9718162,'C-0006');
insert into alertas values('AL-00001','T','IN-0017',26.7673468,101.767329,'C-0004');
insert into alertas values('AL-00001','S','IN-0014',67.8762647,-82.1718162,'C-0003');
insert into alertas values('AL-00002','S','IN-0001',67.8298399,-82.1563773,'C-0003');
insert into alertas values('AL-00001','S','IN-0108',43.7783681,95.8732872,'C-0003');
--almacenajeagua:
insert into almacenajeagua values('08-06-2018','22:20:64',65.6,'C-0008');
insert into almacenajeagua values('08-06-2018','22:21:22',20.16,'C-0008');
insert into almacenajeagua values('08-08-2022','11:20:33',48.21,'C-0009');
--propietarios:
insert into propietarios values('09263728L');
insert into propietarios values('72260882M');
insert into propietarios values('79352082G');
insert into propietarios values('84728834D');
insert into propietarios values('87390121Z');
--productores:
insert into productores values('P-5217','Orano','Avda. Burgos',44,'Valencia','B',1,'España','06-10-2001','06-10-2025','COOPERATIVA','72260882M');
insert into productores values('P-0823','Iberdrola','C. Tomás Redondo',1,'Madrid',null,null,'España','21-03-1988','24-03-2023','S.A.','84728834D');
insert into productores values('P-8723','Manuel García','C. Shiji',8,'Shanghái','A',67,'China','21-03-2018','24-03-2021','PARTICULAR','09263728L');
insert into productores values('P-2873','Naturgy','Avda. América',38,'Madrid',null,null,'España','08-08-2018','24-03-2029','S.A.','79352082G');
--noproductores:
insert into noproductores values('PARTICULAR','James Cortez','87390121Z');
--compañiaselectricas:
insert into compañiaselectricas values(40533,'84728834D');
insert into compañiaselectricas values(7720,'79352082G');
--produccionenergia:
insert into produccionenergia values('09-12-2022','18:00',21.3,'C-0002');
insert into produccionenergia values('09-12-2022','19:00',20.3,'C-0002');
insert into produccionenergia values('09-12-2022','20:00',19.3,'C-0002');
insert into produccionenergia values('09-11-2022','21:00',0,'C-0002');
insert into produccionenergia values('11-11-2022','10:00',18.9,'C-0002');
--pertenecer(propietarios-centrales):
insert into pertenecer values('84728834D','C-0002');
insert into pertenecer values('84728834D','C-0005');
insert into pertenecer values('79352082G','C-0001');
--estaciones:
insert into estaciones values('E-0001');
insert into estaciones values('E-0002');
insert into estaciones values('E-0003');
insert into estaciones values('E-0004');
--estacionesprimarias:
insert into estaciones values('Rogelios',14,'E-0004');
insert into estaciones values('Guadalajara',39,'E-0001');
--lineas:
insert into linea values('L-1001','R-1000');
insert into linea values('L-1002','R-1000');
insert into linea values('L-1003','R-1000');
insert into linea values('L-1004','R-1000');
insert into linea values('L-1005','R-1000');
insert into linea values('L-1006','R-1000');
insert into linea values('L-2001','R-2000');
insert into linea values('L-3001','R-3000');
insert into linea values('L-3002','R-3000');
insert into linea values('L-3003','R-3000');
--redesdistribucion:
insert into redesdistribucion values('R-1000','E-0004',null);
insert into redesdistribucion values('R-2000','E-0004','R-1000');
insert into redesdistribucion values('R-3000','E-0001',null);
--subestaciones:
insert into estaciones values('Maravil','E-0002','L-1002','R-1000');
insert into estaciones values('Radiosella','E-0003','L-2001','R-2000');
--residuos:
insert into residuos values('16-12-2022','20:22:03',763,'C-0001');
insert into residuos values('16-12-2022','20:23:18',904,'C-0001');
insert into residuos values('16-12-2022','20:22:55',822,'C-0001');
insert into residuos values('10-12-2022','16:02:53',500,'C-0002');
--provincias:
insert into provincias values('PR-02','Albacete');
insert into provincias values('PR-38','Madrid');
insert into provincias values('PR-03','Alicante');
insert into provincias values('PR-01','Álava');
insert into provincias values('PR-33','Asturias');
insert into provincias values('PR-06','Badajoz');
insert into provincias values('PR-08','Barcelona');
insert into provincias values('PR-09','Burgos');
insert into provincias values('PR-39','Cantabria');
insert into provincias values('PR-46','Valencia');
--zonasservicio:
insert into zonasservicio values(87239.21,28739,'ZS-001','PR-28');
--suministrador:
insert into suministrador values('Mikeláñez','Brasil','76237238R');
--proveeruranio:
insert into proveeruranio values('21-11-2022',732.34,'76237238R','C-0001');
--emp.tte:
insert into empresatransporte values('Biajen','09823316C','T-0001','07-09-2022','biajen','@hotmail.com');
--suministrar:
insert into suministrar values('76237238R','09823316C');

--(ajustes):
update pertenecer
set nif='56782381M'
where codcentral='C-0001';
--entregarelectricidad:
select * from entregarelectricidad;

insert into entregarelectricidad values(653.2,'E-0001','84728834D'); 
insert into entregarelectricidad values(653.2,'E-0001','79352082G');

savepoint postinsertentregarelectricidad;

delete from entregarelectricidad
where nif='84728834D';

commit;